dataset,timeseries_index,timestamp_utc,period.resolution,period.timeInterval.end,period.timeInterval.start,point.activation_Price.amount,point.imbalance_Price.category,point.position,ts.businessType,ts.currency_Unit.name,ts.curveType,ts.flowDirection.direction,ts.mRID,ts.mktPSRType.psrType,ts.price_Measure_Unit.name,ts.standard_MarketProduct.marketProductType
activated_balancing_prices,1,2026-05-23T00:00:00,PT15M,2026-05-24T00:00Z,2026-05-23T00:00Z,94.3605,A06,1,A96,EUR,A03,A01,1,A04,MWH,A01
activated_balancing_prices,1,2026-05-23T00:15:00,PT15M,2026-05-24T00:00Z,2026-05-23T00:00Z,112.4945,A06,2,A96,EUR,A03,A01,1,A04,MWH,A01
activated_balancing_prices,1,2026-05-23T00:30:00,PT15M,2026-05-24T00:00Z,2026-05-23T00:00Z,113.508,A06,3,A96,EUR,A03,A01,1,A04,MWH,A01
activated_balancing_prices,1,2026-05-23T00:45:00,PT15M,2026-05-24T00:00Z,2026-05-23T00:00Z,85.623,A06,4,A96,EUR,A03,A01,1,A04,MWH,A01
activated_balancing_prices,1,2026-05-23T01:00:00,PT15M,2026-05-24T00:00Z,2026-05-23T00:00Z,93.5574,A06,5,A96,EUR,A03,A01,1,A04,MWH,A01
activated_balancing_prices,1,2026-05-23T01:15:00,PT15M,2026-05-24T00:00Z,2026-05-23T00:00Z,110.0591,A06,6,A96,EUR,A03,A01,1,A04,MWH,A01
activated_balancing_prices,1,2026-05-23T01:30:00,PT15M,2026-05-24T00:00Z,2026-05-23T00:00Z,104.8035,A06,7,A96,EUR,A03,A01,1,A04,MWH,A01
activated_balancing_prices,1,2026-05-23T01:45:00,PT15M,2026-05-24T00:00Z,2026-05-23T00:00Z,108.1046,A06,8,A96,EUR,A03,A01,1,A04,MWH,A01
activated_balancing_prices,1,2026-05-23T02:00:00,PT15M,2026-05-24T00:00Z,2026-05-23T00:00Z,117.3205,A06,9,A96,EUR,A03,A01,1,A04,MWH,A01
activated_balancing_prices,1,2026-05-23T02:15:00,PT15M,2026-05-24T00:00Z,2026-05-23T00:00Z,102.4503,A06,10,A96,EUR,A03,A01,1,A04,MWH,A01
activated_balancing_prices,1,2026-05-23T02:30:00,PT15M,2026-05-24T00:00Z,2026-05-23T00:00Z,109.7052,A06,11,A96,EUR,A03,A01,1,A04,MWH,A01
activated_balancing_prices,1,2026-05-23T02:45:00,PT15M,2026-05-24T00:00Z,2026-05-23T00:00Z,94.1867,A06,12,A96,EUR,A03,A01,1,A04,MWH,A01
activated_balancing_prices,1,2026-05-23T03:00:00,PT15M,2026-05-24T00:00Z,2026-05-23T00:00Z,114.443,A06,13,A96,EUR,A03,A01,1,A04,MWH,A01
activated_balancing_prices,1,2026-05-23T03:15:00,PT15M,2026-05-24T00:00Z,2026-05-23T00:00Z,126.0353,A06,14,A96,EUR,A03,A01,1,A04,MWH,A01
activated_balancing_prices,1,2026-05-23T03:30:00,PT15M,2026-05-24T00:00Z,2026-05-23T00:00Z,110.9799,A06,15,A96,EUR,A03,A01,1,A04,MWH,A01
activated_balancing_prices,1,2026-05-23T03:45:00,PT15M,2026-05-24T00:00Z,2026-05-23T00:00Z,112.0758,A06,16,A96,EUR,A03,A01,1,A04,MWH,A01
activated_balancing_prices,1,2026-05-23T04:00:00,PT15M,2026-05-24T00:00Z,2026-05-23T00:00Z,177.0814,A06,17,A96,EUR,A03,A01,1,A04,MWH,A01
activated_balancing_prices,1,2026-05-23T04:15:00,PT15M,2026-05-24T00:00Z,2026-05-23T00:00Z,149.0986,A06,18,A96,EUR,A03,A01,1,A04,MWH,A01
activated_balancing_prices,1,2026-05-23T04:30:00,PT15M,2026-05-24T00:00Z,2026-05-23T00:00Z,104.2417,A06,19,A96,EUR,A03,A01,1,A04,MWH,A01
activated_balancing_prices,1,2026-05-23T04:45:00,PT15M,2026-05-24T00:00Z,2026-05-23T00:00Z,117.0398,A06,20,A96,EUR,A03,A01,1,A04,MWH,A01
activated_balancing_prices,1,2026-05-23T05:00:00,PT15M,2026-05-24T00:00Z,2026-05-23T00:00Z,159.7764,A06,21,A96,EUR,A03,A01,1,A04,MWH,A01
activated_balancing_prices,1,2026-05-23T05:15:00,PT15M,2026-05-24T00:00Z,2026-05-23T00:00Z,116.2913,A06,22,A96,EUR,A03,A01,1,A04,MWH,A01
activated_balancing_prices,1,2026-05-23T05:30:00,PT15M,2026-05-24T00:00Z,2026-05-23T00:00Z,128.7069,A06,23,A96,EUR,A03,A01,1,A04,MWH,A01
activated_balancing_prices,1,2026-05-23T05:45:00,PT15M,2026-05-24T00:00Z,2026-05-23T00:00Z,80.3224,A06,24,A96,EUR,A03,A01,1,A04,MWH,A01
activated_balancing_prices,1,2026-05-23T06:00:00,PT15M,2026-05-24T00:00Z,2026-05-23T00:00Z,18.1176,A06,25,A96,EUR,A03,A01,1,A04,MWH,A01
activated_balancing_prices,1,2026-05-23T06:15:00,PT15M,2026-05-24T00:00Z,2026-05-23T00:00Z,5.0247,A06,26,A96,EUR,A03,A01,1,A04,MWH,A01
activated_balancing_prices,1,2026-05-23T06:30:00,PT15M,2026-05-24T00:00Z,2026-05-23T00:00Z,23.596,A06,27,A96,EUR,A03,A01,1,A04,MWH,A01
activated_balancing_prices,1,2026-05-23T06:45:00,PT15M,2026-05-24T00:00Z,2026-05-23T00:00Z,55.5486,A06,28,A96,EUR,A03,A01,1,A04,MWH,A01
activated_balancing_prices,1,2026-05-23T07:00:00,PT15M,2026-05-24T00:00Z,2026-05-23T00:00Z,76.84,A06,29,A96,EUR,A03,A01,1,A04,MWH,A01
activated_balancing_prices,1,2026-05-23T07:15:00,PT15M,2026-05-24T00:00Z,2026-05-23T00:00Z,4.4908,A06,30,A96,EUR,A03,A01,1,A04,MWH,A01
activated_balancing_prices,1,2026-05-23T07:30:00,PT15M,2026-05-24T00:00Z,2026-05-23T00:00Z,0,A06,31,A96,EUR,A03,A01,1,A04,MWH,A01
activated_balancing_prices,1,2026-05-23T07:45:00,PT15M,2026-05-24T00:00Z,2026-05-23T00:00Z,5.5667,A06,32,A96,EUR,A03,A01,1,A04,MWH,A01
activated_balancing_prices,1,2026-05-23T08:00:00,PT15M,2026-05-24T00:00Z,2026-05-23T00:00Z,90.8777,A06,33,A96,EUR,A03,A01,1,A04,MWH,A01
activated_balancing_prices,1,2026-05-23T08:15:00,PT15M,2026-05-24T00:00Z,2026-05-23T00:00Z,4.825,A06,34,A96,EUR,A03,A01,1,A04,MWH,A01
activated_balancing_prices,1,2026-05-23T08:30:00,PT15M,2026-05-24T00:00Z,2026-05-23T00:00Z,13.9234,A06,35,A96,EUR,A03,A01,1,A04,MWH,A01
activated_balancing_prices,1,2026-05-23T08:45:00,PT15M,2026-05-24T00:00Z,2026-05-23T00:00Z,0,A06,36,A96,EUR,A03,A01,1,A04,MWH,A01
activated_balancing_prices,1,2026-05-23T09:00:00,PT15M,2026-05-24T00:00Z,2026-05-23T00:00Z,120.3852,A06,37,A96,EUR,A03,A01,1,A04,MWH,A01
activated_balancing_prices,1,2026-05-23T09:15:00,PT15M,2026-05-24T00:00Z,2026-05-23T00:00Z,103.3963,A06,38,A96,EUR,A03,A01,1,A04,MWH,A01
activated_balancing_prices,1,2026-05-23T09:30:00,PT15M,2026-05-24T00:00Z,2026-05-23T00:00Z,21.0094,A06,39,A96,EUR,A03,A01,1,A04,MWH,A01
activated_balancing_prices,1,2026-05-23T09:45:00,PT15M,2026-05-24T00:00Z,2026-05-23T00:00Z,32.98,A06,40,A96,EUR,A03,A01,1,A04,MWH,A01
activated_balancing_prices,1,2026-05-23T10:00:00,PT15M,2026-05-24T00:00Z,2026-05-23T00:00Z,30.15,A06,41,A96,EUR,A03,A01,1,A04,MWH,A01
activated_balancing_prices,1,2026-05-23T10:15:00,PT15M,2026-05-24T00:00Z,2026-05-23T00:00Z,5.0115,A06,42,A96,EUR,A03,A01,1,A04,MWH,A01
activated_balancing_prices,1,2026-05-23T10:30:00,PT15M,2026-05-24T00:00Z,2026-05-23T00:00Z,0,A06,43,A96,EUR,A03,A01,1,A04,MWH,A01
activated_balancing_prices,1,2026-05-23T10:45:00,PT15M,2026-05-24T00:00Z,2026-05-23T00:00Z,11.6526,A06,44,A96,EUR,A03,A01,1,A04,MWH,A01
activated_balancing_prices,1,2026-05-23T11:00:00,PT15M,2026-05-24T00:00Z,2026-05-23T00:00Z,6.2315,A06,45,A96,EUR,A03,A01,1,A04,MWH,A01
activated_balancing_prices,1,2026-05-23T11:15:00,PT15M,2026-05-24T00:00Z,2026-05-23T00:00Z,7.0318,A06,46,A96,EUR,A03,A01,1,A04,MWH,A01
activated_balancing_prices,1,2026-05-23T11:30:00,PT15M,2026-05-24T00:00Z,2026-05-23T00:00Z,4.0222,A06,47,A96,EUR,A03,A01,1,A04,MWH,A01
activated_balancing_prices,1,2026-05-23T11:45:00,PT15M,2026-05-24T00:00Z,2026-05-23T00:00Z,7.6068,A06,48,A96,EUR,A03,A01,1,A04,MWH,A01
activated_balancing_prices,1,2026-05-23T12:00:00,PT15M,2026-05-24T00:00Z,2026-05-23T00:00Z,5.8982,A06,49,A96,EUR,A03,A01,1,A04,MWH,A01
activated_balancing_prices,1,2026-05-23T12:15:00,PT15M,2026-05-24T00:00Z,2026-05-23T00:00Z,0,A06,50,A96,EUR,A03,A01,1,A04,MWH,A01
activated_balancing_prices,1,2026-05-23T12:30:00,PT15M,2026-05-24T00:00Z,2026-05-23T00:00Z,0,A06,51,A96,EUR,A03,A01,1,A04,MWH,A01
activated_balancing_prices,1,2026-05-23T12:45:00,PT15M,2026-05-24T00:00Z,2026-05-23T00:00Z,10.35,A06,52,A96,EUR,A03,A01,1,A04,MWH,A01
activated_balancing_prices,1,2026-05-23T13:00:00,PT15M,2026-05-24T00:00Z,2026-05-23T00:00Z,4.4333,A06,53,A96,EUR,A03,A01,1,A04,MWH,A01
activated_balancing_prices,1,2026-05-23T13:15:00,PT15M,2026-05-24T00:00Z,2026-05-23T00:00Z,2.0333,A06,54,A96,EUR,A03,A01,1,A04,MWH,A01
activated_balancing_prices,1,2026-05-23T13:30:00,PT15M,2026-05-24T00:00Z,2026-05-23T00:00Z,5.0586,A06,55,A96,EUR,A03,A01,1,A04,MWH,A01
activated_balancing_prices,1,2026-05-23T13:45:00,PT15M,2026-05-24T00:00Z,2026-05-23T00:00Z,4.3926,A06,56,A96,EUR,A03,A01,1,A04,MWH,A01
activated_balancing_prices,1,2026-05-23T14:00:00,PT15M,2026-05-24T00:00Z,2026-05-23T00:00Z,8.2942,A06,57,A96,EUR,A03,A01,1,A04,MWH,A01
activated_balancing_prices,1,2026-05-23T14:15:00,PT15M,2026-05-24T00:00Z,2026-05-23T00:00Z,47.9564,A06,58,A96,EUR,A03,A01,1,A04,MWH,A01
activated_balancing_prices,1,2026-05-23T14:30:00,PT15M,2026-05-24T00:00Z,2026-05-23T00:00Z,22.1042,A06,59,A96,EUR,A03,A01,1,A04,MWH,A01
activated_balancing_prices,1,2026-05-23T14:45:00,PT15M,2026-05-24T00:00Z,2026-05-23T00:00Z,99.3285,A06,60,A96,EUR,A03,A01,1,A04,MWH,A01
activated_balancing_prices,1,2026-05-23T15:00:00,PT15M,2026-05-24T00:00Z,2026-05-23T00:00Z,78.9191,A06,61,A96,EUR,A03,A01,1,A04,MWH,A01
activated_balancing_prices,1,2026-05-23T15:15:00,PT15M,2026-05-24T00:00Z,2026-05-23T00:00Z,146.022,A06,62,A96,EUR,A03,A01,1,A04,MWH,A01
activated_balancing_prices,1,2026-05-23T15:30:00,PT15M,2026-05-24T00:00Z,2026-05-23T00:00Z,148.1978,A06,63,A96,EUR,A03,A01,1,A04,MWH,A01
activated_balancing_prices,1,2026-05-23T15:45:00,PT15M,2026-05-24T00:00Z,2026-05-23T00:00Z,145.3095,A06,64,A96,EUR,A03,A01,1,A04,MWH,A01
activated_balancing_prices,1,2026-05-23T16:00:00,PT15M,2026-05-24T00:00Z,2026-05-23T00:00Z,128.8136,A06,65,A96,EUR,A03,A01,1,A04,MWH,A01
activated_balancing_prices,1,2026-05-23T16:15:00,PT15M,2026-05-24T00:00Z,2026-05-23T00:00Z,164.1546,A06,66,A96,EUR,A03,A01,1,A04,MWH,A01
activated_balancing_prices,1,2026-05-23T16:30:00,PT15M,2026-05-24T00:00Z,2026-05-23T00:00Z,166.273,A06,67,A96,EUR,A03,A01,1,A04,MWH,A01
activated_balancing_prices,1,2026-05-23T16:45:00,PT15M,2026-05-24T00:00Z,2026-05-23T00:00Z,135.484,A06,68,A96,EUR,A03,A01,1,A04,MWH,A01
activated_balancing_prices,1,2026-05-23T17:00:00,PT15M,2026-05-24T00:00Z,2026-05-23T00:00Z,180.0632,A06,69,A96,EUR,A03,A01,1,A04,MWH,A01
activated_balancing_prices,1,2026-05-23T17:15:00,PT15M,2026-05-24T00:00Z,2026-05-23T00:00Z,159.7624,A06,70,A96,EUR,A03,A01,1,A04,MWH,A01
activated_balancing_prices,1,2026-05-23T17:30:00,PT15M,2026-05-24T00:00Z,2026-05-23T00:00Z,178.0511,A06,71,A96,EUR,A03,A01,1,A04,MWH,A01
activated_balancing_prices,1,2026-05-23T17:45:00,PT15M,2026-05-24T00:00Z,2026-05-23T00:00Z,206.2352,A06,72,A96,EUR,A03,A01,1,A04,MWH,A01
activated_balancing_prices,1,2026-05-23T18:00:00,PT15M,2026-05-24T00:00Z,2026-05-23T00:00Z,231.6475,A06,73,A96,EUR,A03,A01,1,A04,MWH,A01
activated_balancing_prices,1,2026-05-23T18:15:00,PT15M,2026-05-24T00:00Z,2026-05-23T00:00Z,198.896,A06,74,A96,EUR,A03,A01,1,A04,MWH,A01
activated_balancing_prices,1,2026-05-23T18:30:00,PT15M,2026-05-24T00:00Z,2026-05-23T00:00Z,200.1303,A06,75,A96,EUR,A03,A01,1,A04,MWH,A01
activated_balancing_prices,1,2026-05-23T18:45:00,PT15M,2026-05-24T00:00Z,2026-05-23T00:00Z,191.9646,A06,76,A96,EUR,A03,A01,1,A04,MWH,A01
activated_balancing_prices,1,2026-05-23T19:00:00,PT15M,2026-05-24T00:00Z,2026-05-23T00:00Z,117.4802,A06,77,A96,EUR,A03,A01,1,A04,MWH,A01
activated_balancing_prices,1,2026-05-23T19:15:00,PT15M,2026-05-24T00:00Z,2026-05-23T00:00Z,161.4296,A06,78,A96,EUR,A03,A01,1,A04,MWH,A01
activated_balancing_prices,1,2026-05-23T19:30:00,PT15M,2026-05-24T00:00Z,2026-05-23T00:00Z,208.0419,A06,79,A96,EUR,A03,A01,1,A04,MWH,A01
activated_balancing_prices,1,2026-05-23T19:45:00,PT15M,2026-05-24T00:00Z,2026-05-23T00:00Z,173.7293,A06,80,A96,EUR,A03,A01,1,A04,MWH,A01
activated_balancing_prices,1,2026-05-23T20:00:00,PT15M,2026-05-24T00:00Z,2026-05-23T00:00Z,197.6851,A06,81,A96,EUR,A03,A01,1,A04,MWH,A01
activated_balancing_prices,1,2026-05-23T20:15:00,PT15M,2026-05-24T00:00Z,2026-05-23T00:00Z,204.0478,A06,82,A96,EUR,A03,A01,1,A04,MWH,A01
activated_balancing_prices,1,2026-05-23T20:30:00,PT15M,2026-05-24T00:00Z,2026-05-23T00:00Z,199.3306,A06,83,A96,EUR,A03,A01,1,A04,MWH,A01
activated_balancing_prices,1,2026-05-23T20:45:00,PT15M,2026-05-24T00:00Z,2026-05-23T00:00Z,177.6448,A06,84,A96,EUR,A03,A01,1,A04,MWH,A01
activated_balancing_prices,1,2026-05-23T21:00:00,PT15M,2026-05-24T00:00Z,2026-05-23T00:00Z,149.0564,A06,85,A96,EUR,A03,A01,1,A04,MWH,A01
activated_balancing_prices,1,2026-05-23T21:15:00,PT15M,2026-05-24T00:00Z,2026-05-23T00:00Z,154.9151,A06,86,A96,EUR,A03,A01,1,A04,MWH,A01
activated_balancing_prices,1,2026-05-23T21:30:00,PT15M,2026-05-24T00:00Z,2026-05-23T00:00Z,109.2845,A06,87,A96,EUR,A03,A01,1,A04,MWH,A01
activated_balancing_prices,1,2026-05-23T21:45:00,PT15M,2026-05-24T00:00Z,2026-05-23T00:00Z,336.9635,A06,88,A96,EUR,A03,A01,1,A04,MWH,A01
activated_balancing_prices,1,2026-05-23T22:00:00,PT15M,2026-05-24T00:00Z,2026-05-23T00:00Z,131.9851,A06,89,A96,EUR,A03,A01,1,A04,MWH,A01
activated_balancing_prices,1,2026-05-23T22:15:00,PT15M,2026-05-24T00:00Z,2026-05-23T00:00Z,161.0108,A06,90,A96,EUR,A03,A01,1,A04,MWH,A01
activated_balancing_prices,1,2026-05-23T22:30:00,PT15M,2026-05-24T00:00Z,2026-05-23T00:00Z,139.9638,A06,91,A96,EUR,A03,A01,1,A04,MWH,A01
activated_balancing_prices,1,2026-05-23T22:45:00,PT15M,2026-05-24T00:00Z,2026-05-23T00:00Z,123.432,A06,92,A96,EUR,A03,A01,1,A04,MWH,A01
activated_balancing_prices,1,2026-05-23T23:00:00,PT15M,2026-05-24T00:00Z,2026-05-23T00:00Z,120.5861,A06,93,A96,EUR,A03,A01,1,A04,MWH,A01
activated_balancing_prices,1,2026-05-23T23:15:00,PT15M,2026-05-24T00:00Z,2026-05-23T00:00Z,135.9383,A06,94,A96,EUR,A03,A01,1,A04,MWH,A01
activated_balancing_prices,1,2026-05-23T23:30:00,PT15M,2026-05-24T00:00Z,2026-05-23T00:00Z,104.2997,A06,95,A96,EUR,A03,A01,1,A04,MWH,A01
activated_balancing_prices,1,2026-05-23T23:45:00,PT15M,2026-05-24T00:00Z,2026-05-23T00:00Z,91.9678,A06,96,A96,EUR,A03,A01,1,A04,MWH,A01
activated_balancing_prices,2,2026-05-23T00:00:00,PT15M,2026-05-24T00:00Z,2026-05-23T00:00Z,9.5198,A06,1,A96,EUR,A03,A02,2,A04,MWH,A01
activated_balancing_prices,2,2026-05-23T00:15:00,PT15M,2026-05-24T00:00Z,2026-05-23T00:00Z,10.071,A06,2,A96,EUR,A03,A02,2,A04,MWH,A01
activated_balancing_prices,2,2026-05-23T00:30:00,PT15M,2026-05-24T00:00Z,2026-05-23T00:00Z,8.7556,A06,3,A96,EUR,A03,A02,2,A04,MWH,A01
activated_balancing_prices,2,2026-05-23T00:45:00,PT15M,2026-05-24T00:00Z,2026-05-23T00:00Z,10.0302,A06,4,A96,EUR,A03,A02,2,A04,MWH,A01
activated_balancing_prices,2,2026-05-23T01:00:00,PT15M,2026-05-24T00:00Z,2026-05-23T00:00Z,8.8596,A06,5,A96,EUR,A03,A02,2,A04,MWH,A01
activated_balancing_prices,2,2026-05-23T01:15:00,PT15M,2026-05-24T00:00Z,2026-05-23T00:00Z,9.5333,A06,6,A96,EUR,A03,A02,2,A04,MWH,A01
activated_balancing_prices,2,2026-05-23T01:30:00,PT15M,2026-05-24T00:00Z,2026-05-23T00:00Z,11.95,A06,7,A96,EUR,A03,A02,2,A04,MWH,A01
activated_balancing_prices,2,2026-05-23T01:45:00,PT15M,2026-05-24T00:00Z,2026-05-23T00:00Z,9.9214,A06,8,A96,EUR,A03,A02,2,A04,MWH,A01
activated_balancing_prices,2,2026-05-23T02:00:00,PT15M,2026-05-24T00:00Z,2026-05-23T00:00Z,10.047,A06,9,A96,EUR,A03,A02,2,A04,MWH,A01
activated_balancing_prices,2,2026-05-23T02:15:00,PT15M,2026-05-24T00:00Z,2026-05-23T00:00Z,8.8,A06,10,A96,EUR,A03,A02,2,A04,MWH,A01
activated_balancing_prices,2,2026-05-23T02:30:00,PT15M,2026-05-24T00:00Z,2026-05-23T00:00Z,10,A06,11,A96,EUR,A03,A02,2,A04,MWH,A01
activated_balancing_prices,2,2026-05-23T02:45:00,PT15M,2026-05-24T00:00Z,2026-05-23T00:00Z,9.9972,A06,12,A96,EUR,A03,A02,2,A04,MWH,A01
activated_balancing_prices,2,2026-05-23T03:00:00,PT15M,2026-05-24T00:00Z,2026-05-23T00:00Z,-18.5667,A06,13,A96,EUR,A03,A02,2,A04,MWH,A01
activated_balancing_prices,2,2026-05-23T03:15:00,PT15M,2026-05-24T00:00Z,2026-05-23T00:00Z,7.2291,A06,14,A96,EUR,A03,A02,2,A04,MWH,A01
activated_balancing_prices,2,2026-05-23T03:30:00,PT15M,2026-05-24T00:00Z,2026-05-23T00:00Z,9.7919,A06,15,A96,EUR,A03,A02,2,A04,MWH,A01
activated_balancing_prices,2,2026-05-23T03:45:00,PT15M,2026-05-24T00:00Z,2026-05-23T00:00Z,9.9176,A06,16,A96,EUR,A03,A02,2,A04,MWH,A01
activated_balancing_prices,2,2026-05-23T04:00:00,PT15M,2026-05-24T00:00Z,2026-05-23T00:00Z,-30.6182,A06,17,A96,EUR,A03,A02,2,A04,MWH,A01
activated_balancing_prices,2,2026-05-23T04:15:00,PT15M,2026-05-24T00:00Z,2026-05-23T00:00Z,0,A06,18,A96,EUR,A03,A02,2,A04,MWH,A01
activated_balancing_prices,2,2026-05-23T04:30:00,PT15M,2026-05-24T00:00Z,2026-05-23T00:00Z,6.8714,A06,19,A96,EUR,A03,A02,2,A04,MWH,A01
activated_balancing_prices,2,2026-05-23T04:45:00,PT15M,2026-05-24T00:00Z,2026-05-23T00:00Z,9.6423,A06,20,A96,EUR,A03,A02,2,A04,MWH,A01
activated_balancing_prices,2,2026-05-23T05:00:00,PT15M,2026-05-24T00:00Z,2026-05-23T00:00Z,6.3246,A06,21,A96,EUR,A03,A02,2,A04,MWH,A01
activated_balancing_prices,2,2026-05-23T05:15:00,PT15M,2026-05-24T00:00Z,2026-05-23T00:00Z,9.1688,A06,22,A96,EUR,A03,A02,2,A04,MWH,A01
activated_balancing_prices,2,2026-05-23T05:30:00,PT15M,2026-05-24T00:00Z,2026-05-23T00:00Z,9.2583,A06,23,A96,EUR,A03,A02,2,A04,MWH,A01
activated_balancing_prices,2,2026-05-23T05:45:00,PT15M,2026-05-24T00:00Z,2026-05-23T00:00Z,9.6763,A06,24,A96,EUR,A03,A02,2,A04,MWH,A01
activated_balancing_prices,2,2026-05-23T06:00:00,PT15M,2026-05-24T00:00Z,2026-05-23T00:00Z,9.5033,A06,25,A96,EUR,A03,A02,2,A04,MWH,A01
activated_balancing_prices,2,2026-05-23T06:15:00,PT15M,2026-05-24T00:00Z,2026-05-23T00:00Z,-6.7307,A06,26,A96,EUR,A03,A02,2,A04,MWH,A01
activated_balancing_prices,2,2026-05-23T06:30:00,PT15M,2026-05-24T00:00Z,2026-05-23T00:00Z,-7.5126,A06,27,A96,EUR,A03,A02,2,A04,MWH,A01
activated_balancing_prices,2,2026-05-23T06:45:00,PT15M,2026-05-24T00:00Z,2026-05-23T00:00Z,-5.7298,A06,28,A96,EUR,A03,A02,2,A04,MWH,A01
activated_balancing_prices,2,2026-05-23T07:00:00,PT15M,2026-05-24T00:00Z,2026-05-23T00:00Z,-0.6265,A06,29,A96,EUR,A03,A02,2,A04,MWH,A01
activated_balancing_prices,2,2026-05-23T07:15:00,PT15M,2026-05-24T00:00Z,2026-05-23T00:00Z,0,A06,30,A96,EUR,A03,A02,2,A04,MWH,A01
activated_balancing_prices,2,2026-05-23T07:30:00,PT15M,2026-05-24T00:00Z,2026-05-23T00:00Z,-5.0449,A06,31,A96,EUR,A03,A02,2,A04,MWH,A01
activated_balancing_prices,2,2026-05-23T07:45:00,PT15M,2026-05-24T00:00Z,2026-05-23T00:00Z,-7.3474,A06,32,A96,EUR,A03,A02,2,A04,MWH,A01
activated_balancing_prices,2,2026-05-23T08:00:00,PT15M,2026-05-24T00:00Z,2026-05-23T00:00Z,-12.6023,A06,33,A96,EUR,A03,A02,2,A04,MWH,A01
activated_balancing_prices,2,2026-05-23T08:15:00,PT15M,2026-05-24T00:00Z,2026-05-23T00:00Z,-4.1925,A06,34,A96,EUR,A03,A02,2,A04,MWH,A01
activated_balancing_prices,2,2026-05-23T08:30:00,PT15M,2026-05-24T00:00Z,2026-05-23T00:00Z,2.4302,A06,35,A96,EUR,A03,A02,2,A04,MWH,A01
activated_balancing_prices,2,2026-05-23T08:45:00,PT15M,2026-05-24T00:00Z,2026-05-23T00:00Z,-10.0433,A06,36,A96,EUR,A03,A02,2,A04,MWH,A01
activated_balancing_prices,2,2026-05-23T09:00:00,PT15M,2026-05-24T00:00Z,2026-05-23T00:00Z,-7.2752,A06,37,A96,EUR,A03,A02,2,A04,MWH,A01
activated_balancing_prices,2,2026-05-23T09:15:00,PT15M,2026-05-24T00:00Z,2026-05-23T00:00Z,6.0397,A06,38,A96,EUR,A03,A02,2,A04,MWH,A01
activated_balancing_prices,2,2026-05-23T09:30:00,PT15M,2026-05-24T00:00Z,2026-05-23T00:00Z,9.2657,A06,39,A96,EUR,A03,A02,2,A04,MWH,A01
activated_balancing_prices,2,2026-05-23T09:45:00,PT15M,2026-05-24T00:00Z,2026-05-23T00:00Z,8.0922,A06,40,A96,EUR,A03,A02,2,A04,MWH,A01
activated_balancing_prices,2,2026-05-23T10:00:00,PT15M,2026-05-24T00:00Z,2026-05-23T00:00Z,9.2914,A06,41,A96,EUR,A03,A02,2,A04,MWH,A01
activated_balancing_prices,2,2026-05-23T10:15:00,PT15M,2026-05-24T00:00Z,2026-05-23T00:00Z,6.8225,A06,42,A96,EUR,A03,A02,2,A04,MWH,A01
activated_balancing_prices,2,2026-05-23T10:30:00,PT15M,2026-05-24T00:00Z,2026-05-23T00:00Z,3.8112,A06,43,A96,EUR,A03,A02,2,A04,MWH,A01
activated_balancing_prices,2,2026-05-23T10:45:00,PT15M,2026-05-24T00:00Z,2026-05-23T00:00Z,1.9648,A06,44,A96,EUR,A03,A02,2,A04,MWH,A01
activated_balancing_prices,2,2026-05-23T11:00:00,PT15M,2026-05-24T00:00Z,2026-05-23T00:00Z,1.7549,A06,45,A96,EUR,A03,A02,2,A04,MWH,A01
activated_balancing_prices,2,2026-05-23T11:15:00,PT15M,2026-05-24T00:00Z,2026-05-23T00:00Z,2.4719,A06,46,A96,EUR,A03,A02,2,A04,MWH,A01
activated_balancing_prices,2,2026-05-23T11:30:00,PT15M,2026-05-24T00:00Z,2026-05-23T00:00Z,1.3842,A06,47,A96,EUR,A03,A02,2,A04,MWH,A01
activated_balancing_prices,2,2026-05-23T11:45:00,PT15M,2026-05-24T00:00Z,2026-05-23T00:00Z,2.3515,A06,48,A96,EUR,A03,A02,2,A04,MWH,A01
activated_balancing_prices,2,2026-05-23T12:00:00,PT15M,2026-05-24T00:00Z,2026-05-23T00:00Z,8.6296,A06,49,A96,EUR,A03,A02,2,A04,MWH,A01
activated_balancing_prices,2,2026-05-23T12:15:00,PT15M,2026-05-24T00:00Z,2026-05-23T00:00Z,9.6448,A06,50,A96,EUR,A03,A02,2,A04,MWH,A01
activated_balancing_prices,2,2026-05-23T12:30:00,PT15M,2026-05-24T00:00Z,2026-05-23T00:00Z,5.7291,A06,51,A96,EUR,A03,A02,2,A04,MWH,A01
activated_balancing_prices,2,2026-05-23T12:45:00,PT15M,2026-05-24T00:00Z,2026-05-23T00:00Z,-1.041,A06,52,A96,EUR,A03,A02,2,A04,MWH,A01
activated_balancing_prices,2,2026-05-23T13:00:00,PT15M,2026-05-24T00:00Z,2026-05-23T00:00Z,1.1657,A06,53,A96,EUR,A03,A02,2,A04,MWH,A01
activated_balancing_prices,2,2026-05-23T13:15:00,PT15M,2026-05-24T00:00Z,2026-05-23T00:00Z,2.4575,A06,54,A96,EUR,A03,A02,2,A04,MWH,A01
activated_balancing_prices,2,2026-05-23T13:30:00,PT15M,2026-05-24T00:00Z,2026-05-23T00:00Z,8.9553,A06,55,A96,EUR,A03,A02,2,A04,MWH,A01
activated_balancing_prices,2,2026-05-23T13:45:00,PT15M,2026-05-24T00:00Z,2026-05-23T00:00Z,8.9307,A06,56,A96,EUR,A03,A02,2,A04,MWH,A01
activated_balancing_prices,2,2026-05-23T14:00:00,PT15M,2026-05-24T00:00Z,2026-05-23T00:00Z,7.6753,A06,57,A96,EUR,A03,A02,2,A04,MWH,A01
activated_balancing_prices,2,2026-05-23T14:15:00,PT15M,2026-05-24T00:00Z,2026-05-23T00:00Z,8.5599,A06,58,A96,EUR,A03,A02,2,A04,MWH,A01
activated_balancing_prices,2,2026-05-23T14:30:00,PT15M,2026-05-24T00:00Z,2026-05-23T00:00Z,-0.3735,A06,59,A96,EUR,A03,A02,2,A04,MWH,A01
activated_balancing_prices,2,2026-05-23T14:45:00,PT15M,2026-05-24T00:00Z,2026-05-23T00:00Z,-0.2543,A06,60,A96,EUR,A03,A02,2,A04,MWH,A01
activated_balancing_prices,2,2026-05-23T15:00:00,PT15M,2026-05-24T00:00Z,2026-05-23T00:00Z,-0.5019,A06,61,A96,EUR,A03,A02,2,A04,MWH,A01
activated_balancing_prices,2,2026-05-23T15:15:00,PT15M,2026-05-24T00:00Z,2026-05-23T00:00Z,0,A06,62,A96,EUR,A03,A02,2,A04,MWH,A01
activated_balancing_prices,2,2026-05-23T15:30:00,PT15M,2026-05-24T00:00Z,2026-05-23T00:00Z,0,A06,63,A96,EUR,A03,A02,2,A04,MWH,A01
activated_balancing_prices,2,2026-05-23T15:45:00,PT15M,2026-05-24T00:00Z,2026-05-23T00:00Z,0,A06,64,A96,EUR,A03,A02,2,A04,MWH,A01
activated_balancing_prices,2,2026-05-23T16:00:00,PT15M,2026-05-24T00:00Z,2026-05-23T00:00Z,16.1675,A06,65,A96,EUR,A03,A02,2,A04,MWH,A01
activated_balancing_prices,2,2026-05-23T16:15:00,PT15M,2026-05-24T00:00Z,2026-05-23T00:00Z,62.5636,A06,66,A96,EUR,A03,A02,2,A04,MWH,A01
activated_balancing_prices,2,2026-05-23T16:30:00,PT15M,2026-05-24T00:00Z,2026-05-23T00:00Z,0,A06,67,A96,EUR,A03,A02,2,A04,MWH,A01
activated_balancing_prices,2,2026-05-23T16:45:00,PT15M,2026-05-24T00:00Z,2026-05-23T00:00Z,69.901,A06,68,A96,EUR,A03,A02,2,A04,MWH,A01
activated_balancing_prices,2,2026-05-23T17:00:00,PT15M,2026-05-24T00:00Z,2026-05-23T00:00Z,-9.2842,A06,69,A96,EUR,A03,A02,2,A04,MWH,A01
activated_balancing_prices,2,2026-05-23T17:15:00,PT15M,2026-05-24T00:00Z,2026-05-23T00:00Z,67.6821,A06,70,A96,EUR,A03,A02,2,A04,MWH,A01
activated_balancing_prices,2,2026-05-23T17:30:00,PT15M,2026-05-24T00:00Z,2026-05-23T00:00Z,-109.4,A06,71,A96,EUR,A03,A02,2,A04,MWH,A01
activated_balancing_prices,2,2026-05-23T17:45:00,PT15M,2026-05-24T00:00Z,2026-05-23T00:00Z,93.5,A06,72,A96,EUR,A03,A02,2,A04,MWH,A01
activated_balancing_prices,2,2026-05-23T18:00:00,PT15M,2026-05-24T00:00Z,2026-05-23T00:00Z,93.5,A06,73,A96,EUR,A03,A02,2,A04,MWH,A01
activated_balancing_prices,2,2026-05-23T18:15:00,PT15M,2026-05-24T00:00Z,2026-05-23T00:00Z,0,A06,74,A96,EUR,A03,A02,2,A04,MWH,A01
activated_balancing_prices,2,2026-05-23T18:30:00,PT15M,2026-05-24T00:00Z,2026-05-23T00:00Z,62.5,A06,75,A96,EUR,A03,A02,2,A04,MWH,A01
activated_balancing_prices,2,2026-05-23T18:45:00,PT15M,2026-05-24T00:00Z,2026-05-23T00:00Z,63.2,A06,76,A96,EUR,A03,A02,2,A04,MWH,A01
activated_balancing_prices,2,2026-05-23T19:00:00,PT15M,2026-05-24T00:00Z,2026-05-23T00:00Z,70.02,A06,77,A96,EUR,A03,A02,2,A04,MWH,A01
activated_balancing_prices,2,2026-05-23T19:15:00,PT15M,2026-05-24T00:00Z,2026-05-23T00:00Z,0,A06,78,A96,EUR,A03,A02,2,A04,MWH,A01
activated_balancing_prices,2,2026-05-23T19:30:00,PT15M,2026-05-24T00:00Z,2026-05-23T00:00Z,0,A06,79,A96,EUR,A03,A02,2,A04,MWH,A01
activated_balancing_prices,2,2026-05-23T19:45:00,PT15M,2026-05-24T00:00Z,2026-05-23T00:00Z,56.7,A06,80,A96,EUR,A03,A02,2,A04,MWH,A01
activated_balancing_prices,2,2026-05-23T20:00:00,PT15M,2026-05-24T00:00Z,2026-05-23T00:00Z,59.1333,A06,81,A96,EUR,A03,A02,2,A04,MWH,A01
activated_balancing_prices,2,2026-05-23T20:15:00,PT15M,2026-05-24T00:00Z,2026-05-23T00:00Z,0,A06,82,A96,EUR,A03,A02,2,A04,MWH,A01
activated_balancing_prices,2,2026-05-23T20:30:00,PT15M,2026-05-24T00:00Z,2026-05-23T00:00Z,0,A06,83,A96,EUR,A03,A02,2,A04,MWH,A01
activated_balancing_prices,2,2026-05-23T20:45:00,PT15M,2026-05-24T00:00Z,2026-05-23T00:00Z,72.225,A06,84,A96,EUR,A03,A02,2,A04,MWH,A01
activated_balancing_prices,2,2026-05-23T21:00:00,PT15M,2026-05-24T00:00Z,2026-05-23T00:00Z,69.4008,A06,85,A96,EUR,A03,A02,2,A04,MWH,A01
activated_balancing_prices,2,2026-05-23T21:15:00,PT15M,2026-05-24T00:00Z,2026-05-23T00:00Z,70.1404,A06,86,A96,EUR,A03,A02,2,A04,MWH,A01
activated_balancing_prices,2,2026-05-23T21:30:00,PT15M,2026-05-24T00:00Z,2026-05-23T00:00Z,69.9721,A06,87,A96,EUR,A03,A02,2,A04,MWH,A01
activated_balancing_prices,2,2026-05-23T21:45:00,PT15M,2026-05-24T00:00Z,2026-05-23T00:00Z,69.9471,A06,88,A96,EUR,A03,A02,2,A04,MWH,A01
activated_balancing_prices,2,2026-05-23T22:00:00,PT15M,2026-05-24T00:00Z,2026-05-23T00:00Z,50.0099,A06,89,A96,EUR,A03,A02,2,A04,MWH,A01
activated_balancing_prices,2,2026-05-23T22:15:00,PT15M,2026-05-24T00:00Z,2026-05-23T00:00Z,0,A06,90,A96,EUR,A03,A02,2,A04,MWH,A01
activated_balancing_prices,2,2026-05-23T22:30:00,PT15M,2026-05-24T00:00Z,2026-05-23T00:00Z,49.9701,A06,91,A96,EUR,A03,A02,2,A04,MWH,A01
activated_balancing_prices,2,2026-05-23T22:45:00,PT15M,2026-05-24T00:00Z,2026-05-23T00:00Z,50.0568,A06,92,A96,EUR,A03,A02,2,A04,MWH,A01
activated_balancing_prices,2,2026-05-23T23:00:00,PT15M,2026-05-24T00:00Z,2026-05-23T00:00Z,50.0661,A06,93,A96,EUR,A03,A02,2,A04,MWH,A01
activated_balancing_prices,2,2026-05-23T23:15:00,PT15M,2026-05-24T00:00Z,2026-05-23T00:00Z,50.0056,A06,94,A96,EUR,A03,A02,2,A04,MWH,A01
activated_balancing_prices,2,2026-05-23T23:30:00,PT15M,2026-05-24T00:00Z,2026-05-23T00:00Z,50,A06,95,A96,EUR,A03,A02,2,A04,MWH,A01
activated_balancing_prices,2,2026-05-23T23:45:00,PT15M,2026-05-24T00:00Z,2026-05-23T00:00Z,50.0264,A06,96,A96,EUR,A03,A02,2,A04,MWH,A01
