date,period,supply,demand,balance
2025-03-01,1,2438.47,2438.472,0.002
2025-03-01,2,2412.77,2412.772,0.002
2025-03-01,3,2411.87,2411.872,0.002
2025-03-01,4,2437.47,2437.472,0.002
2025-03-01,5,2470.493,2470.494,0.001
2025-03-01,6,2458.018,2458.019,0.001
2025-03-01,7,2469.243,2469.244,0.001
2025-03-01,8,2472.618,2472.619,0.001
2025-03-01,9,2364.105,2364.108,0.003
2025-03-01,10,2349.83,2349.833,0.003
2025-03-01,11,2343.255,2343.258,0.003
2025-03-01,12,2350.73,2350.733,0.003
2025-03-01,13,2318.754,2318.756,0.002
2025-03-01,14,2320.179,2320.181,0.002
2025-03-01,15,2319.329,2319.331,0.002
2025-03-01,16,2330.929,2330.931,0.002
2025-03-01,17,2432.872,2432.874,0.002
2025-03-01,18,2421.747,2421.749,0.002
2025-03-01,19,2405.647,2405.649,0.002
2025-03-01,20,2415.597,2415.599,0.002
2025-03-01,21,2443.257,2443.259,0.002
2025-03-01,22,2430.307,2430.309,0.002
2025-03-01,23,2424.707,2424.709,0.002
2025-03-01,24,2436.307,2436.309,0.002
2025-03-01,25,2384.085,2384.087,0.002
2025-03-01,26,2383.335,2383.337,0.002
2025-03-01,27,2368.66,2368.662,0.002
2025-03-01,28,2364.485,2364.487,0.002
2025-03-01,29,2311.695,2311.697,0.002
2025-03-01,30,2277.245,2277.247,0.002
2025-03-01,31,2277.52,2277.522,0.002
2025-03-01,32,2292.945,2292.947,0.002
2025-03-01,33,2208.592,2208.593,0.001
2025-03-01,34,2186.242,2186.243,0.001
2025-03-01,35,2189.367,2189.368,0.001
2025-03-01,36,2199.867,2199.868,0.001
2025-03-01,37,2110.984,2110.987,0.003
2025-03-01,38,2044.634,2044.637,0.003
2025-03-01,39,2021.709,2021.712,0.003
2025-03-01,40,2022.059,2022.062,0.003
2025-03-01,41,2190.324,2190.326,0.002
2025-03-01,42,2195.624,2195.626,0.002
2025-03-01,43,2209.874,2209.876,0.002
2025-03-01,44,2224.399,2224.401,0.002
2025-03-01,45,2258.018,2258.019,0.001
2025-03-01,46,2252.268,2252.269,0.001
2025-03-01,47,2252.493,2252.494,0.001
2025-03-01,48,2291.643,2291.644,0.001
2025-03-01,49,2385.676,2385.678,0.002
2025-03-01,50,2371.126,2371.128,0.002
2025-03-01,51,2363.851,2363.853,0.002
2025-03-01,52,2377.126,2377.128,0.002
2025-03-01,53,2544.001,2544.003,0.002
2025-03-01,54,2534.201,2534.203,0.002
2025-03-01,55,2533.601,2533.603,0.002
2025-03-01,56,2541.526,2541.528,0.002
2025-03-01,57,2587.491,2587.493,0.002
2025-03-01,58,2577.366,2577.368,0.002
2025-03-01,59,2567.991,2567.993,0.002
2025-03-01,60,2579.766,2579.768,0.002
2025-03-01,61,2222.86,2222.862,0.002
2025-03-01,62,2223.285,2223.287,0.002
2025-03-01,63,2223.385,2223.387,0.002
2025-03-01,64,2226.035,2226.037,0.002
2025-03-01,65,2167.582,2167.583,0.001
2025-03-01,66,2158.432,2158.433,0.001
2025-03-01,67,2156.257,2156.258,0.001
2025-03-01,68,2163.032,2163.033,0.001
2025-03-01,69,2124.132,2124.134,0.002
2025-03-01,70,2110.382,2110.384,0.002
2025-03-01,71,2106.332,2106.334,0.002
2025-03-01,72,2108.282,2108.284,0.002
2025-03-01,73,2132.741,2132.742,0.001
2025-03-01,74,2126.766,2126.767,0.001
2025-03-01,75,2128.741,2128.742,0.001
2025-03-01,76,2149.391,2149.392,0.001
2025-03-01,77,2139.928,2139.929,0.001
2025-03-01,78,2138.353,2138.354,0.001
2025-03-01,79,2140.503,2140.504,0.001
2025-03-01,80,2151.978,2151.979,0.001
2025-03-01,81,2238.073,2238.076,0.003
2025-03-01,82,2238.973,2238.976,0.003
2025-03-01,83,2204.798,2204.801,0.003
2025-03-01,84,2254.373,2254.376,0.003
2025-03-01,85,2343.486,2343.487,0.001
2025-03-01,86,2347.361,2347.362,0.001
2025-03-01,87,2347.736,2347.737,0.001
2025-03-01,88,2353.736,2353.737,0.001
2025-03-01,89,2426.574,2426.576,0.002
2025-03-01,90,2401.824,2401.826,0.002
2025-03-01,91,2392.949,2392.951,0.002
2025-03-01,92,2401.399,2401.401,0.002
2025-03-01,93,2338.493,2338.495,0.002
2025-03-01,94,2317.093,2317.095,0.002
2025-03-01,95,2330.718,2330.72,0.002
2025-03-01,96,2343.793,2343.795,0.002
2025-03-02,1,2334.131,2334.133,0.002
2025-03-02,2,2313.156,2313.158,0.002
2025-03-02,3,2320.281,2320.283,0.002
2025-03-02,4,2340.156,2340.158,0.002
2025-03-02,5,2350.529,2350.53,0.001
2025-03-02,6,2352.579,2352.58,0.001
2025-03-02,7,2352.829,2352.83,0.001
2025-03-02,8,2377.454,2377.455,0.001
2025-03-02,9,2414.836,2414.837,0.001
2025-03-02,10,2419.461,2419.462,0.001
2025-03-02,11,2419.811,2419.812,0.001
2025-03-02,12,2435.636,2435.637,0.001
2025-03-02,13,2446.544,2446.546,0.002
2025-03-02,14,2446.594,2446.596,0.002
2025-03-02,15,2441.544,2441.546,0.002
2025-03-02,16,2440.369,2440.371,0.002
2025-03-02,17,2410.037,2410.039,0.002
2025-03-02,18,2412.387,2412.389,0.002
2025-03-02,19,2408.612,2408.614,0.002
2025-03-02,20,2411.487,2411.489,0.002
2025-03-02,21,2406.027,2406.029,0.002
2025-03-02,22,2390.552,2390.554,0.002
2025-03-02,23,2391.652,2391.654,0.002
2025-03-02,24,2393.002,2393.004,0.002
2025-03-02,25,2431.019,2431.021,0.002
2025-03-02,26,2400.319,2400.321,0.002
2025-03-02,27,2375.344,2375.346,0.002
2025-03-02,28,2363.894,2363.896,0.002
2025-03-02,29,2335.807,2335.809,0.002
2025-03-02,30,2309.507,2309.509,0.002
2025-03-02,31,2315.132,2315.134,0.002
2025-03-02,32,2314.857,2314.859,0.002
2025-03-02,33,2453.669,2453.671,0.002
2025-03-02,34,2407.469,2407.471,0.002
2025-03-02,35,2429.619,2429.621,0.002
2025-03-02,36,2463.169,2463.171,0.002
2025-03-02,37,2575.175,2575.177,0.002
2025-03-02,38,2547.2,2547.202,0.002
2025-03-02,39,2546.25,2546.252,0.002
2025-03-02,40,2552.8,2552.802,0.002
2025-03-02,41,2503.998,2504.001,0.003
2025-03-02,42,2473.323,2473.326,0.003
2025-03-02,43,2485.898,2485.901,0.003
2025-03-02,44,2500.598,2500.601,0.003
2025-03-02,45,2413.43,2413.431,0.001
2025-03-02,46,2443.88,2443.881,0.001
2025-03-02,47,2339.58,2339.581,0.001
2025-03-02,48,2373.955,2373.956,0.001
2025-03-02,49,2367.338,2367.34,0.002
2025-03-02,50,2350.288,2350.29,0.002
2025-03-02,51,2311.063,2311.065,0.002
2025-03-02,52,2330.213,2330.215,0.002
2025-03-02,53,2280.727,2280.729,0.002
2025-03-02,54,2273.802,2273.804,0.002
2025-03-02,55,2283.677,2283.679,0.002
2025-03-02,56,2290.177,2290.179,0.002
2025-03-02,57,2155.652,2155.654,0.002
2025-03-02,58,2146.452,2146.454,0.002
2025-03-02,59,2134.327,2134.329,0.002
2025-03-02,60,2144.927,2144.929,0.002
2025-03-02,61,2223.213,2223.215,0.002
2025-03-02,62,2219.438,2219.44,0.002
2025-03-02,63,2219.338,2219.34,0.002
2025-03-02,64,2226.013,2226.015,0.002
2025-03-02,65,2235.023,2235.024,0.001
2025-03-02,66,2234.348,2234.349,0.001
2025-03-02,67,2235.798,2235.799,0.001
2025-03-02,68,2243.923,2243.924,0.001
2025-03-02,69,2263.366,2263.368,0.002
2025-03-02,70,2264.266,2264.268,0.002
2025-03-02,71,2268.791,2268.793,0.002
2025-03-02,72,2276.116,2276.118,0.002
2025-03-02,73,2284.073,2284.074,0.001
2025-03-02,74,2274.223,2274.224,0.001
2025-03-02,75,2274.648,2274.649,0.001
2025-03-02,76,2276.948,2276.949,0.001
2025-03-02,77,2291.092,2291.094,0.002
2025-03-02,78,2288.942,2288.944,0.002
2025-03-02,79,2286.717,2286.719,0.002
2025-03-02,80,2287.667,2287.669,0.002
2025-03-02,81,2475.818,2475.821,0.003
2025-03-02,82,2468.168,2468.171,0.003
2025-03-02,83,2449.268,2449.271,0.003
2025-03-02,84,2456.268,2456.271,0.003
2025-03-02,85,2391.583,2391.584,0.001
2025-03-02,86,2390.708,2390.709,0.001
2025-03-02,87,2394.583,2394.584,0.001
2025-03-02,88,2379.508,2379.509,0.001
2025-03-02,89,2481.049,2481.05,0.001
2025-03-02,90,2456.349,2456.35,0.001
2025-03-02,91,2444.374,2444.375,0.001
2025-03-02,92,2480.224,2480.225,0.001
2025-03-02,93,2366.679,2366.68,0.001
2025-03-02,94,2381.804,2381.805,0.001
2025-03-02,95,2395.054,2395.055,0.001
2025-03-02,96,2413.504,2413.505,0.001
